Especie,Descripción de Especie,Fecha,Tipo,Cantidad (VN),Precio,Importe Ajuste,Monto Neto,Moneda,Estado,Operación
FBA RENTA FIJA PLUS,FBA RENTA FIJA PLUS,07/02/2022,Rescate,"33599,215","2,381",,80000,$,Realizada,206513029
FBA RENTA PESOS,FBA RENTA PESOS,07/02/2022,Rescate,"8696,314","22,308",,194000,$,Realizada,206513023
FBA RENTA FIJA PLUS,FBA RENTA FIJA PLUS,02/02/2022,Suscripción,"33780,332","2,368",,80000,$,Realizada,206491644
FBA RENTA PESOS,FBA RENTA PESOS,02/02/2022,Suscripción,"9675,836","22,22",,215000,$,Realizada,206491510
GD35,BONO GD35 LEY EXTRANJERA USC STEP UP VTO 09-07-35,14/01/2022,Renta,"0,01","0,00",,"0,00",U$S,Realizada,710617866
GD30,BONO GD30 LEY EXTRANJERA USC STEP UP VTO 09-07-30,14/01/2022,Renta,"0,01","0,00",,"0,00",U$S,Realizada,710619087
GD35,BONO GD35 LEY EXTRANJERA USC STEP UP VTO 09-07-35,14/01/2022,Cargo Renta,"0,00","0,00",,"0,01",$,Realizada,710617866
GD30,BONO GD30 LEY EXTRANJERA USC STEP UP VTO 09-07-30,14/01/2022,Cargo Renta,"0,00","0,00",,"0,01",$,Realizada,710619087
GD35,BONO GD35 LEY EXTRANJERA USC STEP UP VTO 09-07-35,14/01/2022,Liquidación de Cupón,"3,00","0,00",,"0,00",CupBONGD35,Realizada,710617866
GD30,BONO GD30 LEY EXTRANJERA USC STEP UP VTO 09-07-30,14/01/2022,Liquidación de Cupón,"5,00","0,00",,"0,00",CupBONGD30,Realizada,710619087
FBA RENTA FIJA PLUS,FBA RENTA FIJA PLUS,13/01/2022,Rescate,"2152,359","2,323",,5000,$,Realizada,206385933
FBA RENTA FIJA PLUS,FBA RENTA FIJA PLUS,13/01/2022,Rescate,"8609,434","2,323",,20000,$,Realizada,206391022
GD35,BONO GD35 LEY EXTRANJERA USC STEP UP VTO 09-07-35,12/01/2022,Corte de Cupón,"3,00","0,00",,"0,00",CupBONGD35,Realizada,710615024
GD30,BONO GD30 LEY EXTRANJERA USC STEP UP VTO 09-07-30,10/01/2022,Corte de Cupón,"5,00","0,00",,"0,00",CupBONGD30,Realizada,710607898
FBA RENTA PESOS,FBA RENTA PESOS,10/01/2022,Rescate,"6707,41","21,828",,"146411,89",$,Realizada,206358558
FBA RENTA FIJA PLUS,FBA RENTA FIJA PLUS,03/01/2022,Suscripción,"43628,742","2,292",,100000,$,Realizada,206315902
FBA RENTA PESOS,FBA RENTA PESOS,03/01/2022,Suscripción,"4606,222","21,71",,100000,$,Realizada,206317083
FBA RENTA PESOS,FBA RENTA PESOS,27/12/2021,Rescate,"1157,691","21,595",,25000,$,Realizada,206279703
FBA RENTA PESOS,FBA RENTA PESOS,20/12/2021,Suscripción,"3258,88","21,48",,70000,$,Realizada,206251257
LONG,ACCION LONGVIE SA C I  ORD CLASE B 1 VOTO,13/12/2021,Venta,"420,00","0,00",,"0,00",$,Rechazada,0
FBA RENTA PESOS,FBA RENTA PESOS,13/12/2021,Rescate,"4720,837","21,365",,"100861,12",$,Realizada,206210784
LONG,ACCION LONGVIE SA C I  ORD CLASE B 1 VOTO,10/12/2021,Venta,"420,00","0,00",,"0,00",$,Rechazada,0
FBA RENTA FIJA PLUS,FBA RENTA FIJA PLUS,10/12/2021,Rescate,"13469,38","2,241",,"30179,57",$,Realizada,206192329
FBA RENTA FIJA PLUS,FBA RENTA FIJA PLUS,02/12/2021,Suscripción,"13469,38","2,227",,30000,$,Realizada,206147928
FBA RENTA PESOS,FBA RENTA PESOS,02/12/2021,Suscripción,"4720,837","21,183",,100000,$,Realizada,206147919
FBA RENTA PESOS,FBA RENTA PESOS,08/11/2021,Rescate,"11630,236","20,792",,"241810,5",$,Realizada,206002729
FBA RENTA PESOS,FBA RENTA PESOS,03/11/2021,Suscripción,8450,"20,71",,175000,$,Realizada,205974003
FBA RENTA PESOS,FBA RENTA PESOS,22/10/2021,Rescate,"243,733","20,514",,5000,$,Realizada,205904173
FBA RENTA PESOS,FBA RENTA PESOS,19/10/2021,Rescate,"190,57","20,465",,3900,$,Realizada,205883277
FBA RENTA PESOS,FBA RENTA PESOS,13/10/2021,Rescate,"2103,774","20,366",,"42846,18",$,Realizada,205849229
FBA RENTA PESOS,FBA RENTA PESOS,12/10/2021,Rescate,"10654,676","20,35",,"216821,89",$,Realizada,205834644
FBA RENTA PESOS,FBA RENTA PESOS,07/10/2021,Rescate,"986,785","20,268",,20000,$,Realizada,205825691
FBA RENTA PESOS,FBA RENTA PESOS,04/10/2021,Suscripción,"7418,882","20,219",,150000,$,Realizada,205802469
FBA RENTA PESOS,FBA RENTA PESOS,01/10/2021,Rescate,"495,791","20,17",,10000,$,Realizada,205783380
FBA RENTA PESOS,FBA RENTA PESOS,28/09/2021,Suscripción,"10436,684","20,121",,210000,$,Realizada,205760796
FBA RENTA PESOS,FBA RENTA PESOS,20/09/2021,Rescate,"251,314","19,992",,"5024,33",$,Realizada,205719025
LONG,ACCION LONGVIE SA C I  ORD CLASE B 1 VOTO,17/09/2021,Venta,"420,00","0,00",,"0,00",$,Rechazada,0
FBA RENTA PESOS,FBA RENTA PESOS,14/09/2021,Suscripción,"251,314","19,895",,5000,$,Realizada,205690369
LONG,ACCION LONGVIE SA C I  ORD CLASE B 1 VOTO,10/09/2021,Venta,"420,00","0,00",,"0,00",$,Rechazada,0
ALUA AR,ALUAR ALUMINIO ARGENTINO S. A. I. C.,08/09/2021,Venta,"100,00","69,00",,6900,$,Realizada,205660030
FBA RENTA PESOS,FBA RENTA PESOS,07/09/2021,Rescate,"2546,38","19,783",,"50374,23",$,Realizada,205647408
FBA RENTA PESOS,FBA RENTA PESOS,06/09/2021,Rescate,"9190,191","19,767",,"181658,45",$,Realizada,205632841
FBA RENTA FIJA PLUS,FBA RENTA FIJA PLUS,02/09/2021,Rescate,"10011,809","2,012",,"20142,63",$,Realizada,205613902
FBA RENTA PESOS,FBA RENTA PESOS,02/09/2021,Suscripción,"10151,25","19,702",,200000,$,Realizada,205616072
FBA RENTA PESOS,FBA RENTA PESOS,30/08/2021,Rescate,"763,197","19,654",,15000,$,Realizada,205585824
GGAL,GRUPO FINANCIERO GALICIA S. A.,27/08/2021,Venta,"25,00","184,00",,4600,$,Realizada,205579932
FBA RENTA FIJA PLUS,FBA RENTA FIJA PLUS,23/08/2021,Suscripción,"10011,809","1,998",,20000,$,Realizada,205551790
$,PESO,20/08/2021,Transferencia Entrante,"52,06","0,00",,"0,00",$,Realizada,710477123
$,PESO,20/08/2021,Transferencia Entrante,"24,40","0,00",,"0,00",$,Realizada,710477124
$,PESO,20/08/2021,Transferencia Monetaria,"0,00","0,00",,"76,46",$,Realizada,710478482
$,PESO,20/08/2021,Transferencia entre Cuentas,"76,46","0,00",,"0,00",$,Realizada,710478482
LONG,ACCION LONGVIE SA C I  ORD CLASE B 1 VOTO,18/08/2021,Venta,"420,00","0,00",,"0,00",$,Rechazada,0
GD35,BONO GD35 LEY EXTRANJERA USC STEP UP VTO 09-07-35,18/08/2021,Depósito,"2,00","0,00",,"0,00",BONO GD35,Realizada,710473514
GD30,BONO GD30 LEY EXTRANJERA USC STEP UP VTO 09-07-30,18/08/2021,Depósito,"4,00","0,00",,"0,00",BONO GD30,Realizada,710474346
MIRG,MIRGOR S. A. C. I. F. I. A.,18/08/2021,Venta,"2,00",2300,,4600,$,Realizada,205531376
FBA RENTA PESOS,FBA RENTA PESOS,13/08/2021,Rescate,"257,934","19,385",,5000,$,Realizada,205518680
FBA RENTA PESOS,FBA RENTA PESOS,12/08/2021,Rescate,"1032,578","19,369",,20000,$,Realizada,205504372
FBA RENTA PESOS,FBA RENTA PESOS,09/08/2021,Rescate,"5438,125","19,322",,"105073,57",$,Realizada,205473327
FBA RENTA FIJA PLUS,FBA RENTA FIJA PLUS,06/08/2021,Rescate,"69627,069","1,973",,"137373,23",$,Realizada,205464364
FBA RENTA PESOS,FBA RENTA PESOS,06/08/2021,Rescate,"4458,543","19,274",,"85935,39",$,Realizada,205464361
FBA RENTA PESOS,FBA RENTA PESOS,03/08/2021,Suscripción,"10922,11","19,227",,210000,$,Realizada,205441869
FBA RENTA FIJA PLUS,FBA RENTA FIJA PLUS,30/07/2021,Suscripción,"40958,658","1,953",,80000,$,Realizada,205421226
FBA RENTA PESOS,FBA RENTA PESOS,28/07/2021,Suscripción,"2090,532","19,134",,40000,$,Realizada,205410198
FBA RENTA PESOS,FBA RENTA PESOS,27/07/2021,Suscripción,"523,057","19,118",,10000,$,Realizada,205400365
GD30,BONO GD30 LEY EXTRANJERA USC STEP UP VTO 09-07-30,13/07/2021,Liquidación de Cupón,"1,00","0,00",,"0,00",CupBONGD30,Realizada,710443664
FBA RENTA PESOS,FBA RENTA PESOS,12/07/2021,Rescate,"0,00","0,00",,"0,00",$,Rechazada,0
GD30,BONO GD30 LEY EXTRANJERA USC STEP UP VTO 09-07-30,12/07/2021,Corte de Cupón,"1,00","0,00",,"0,00",CupBONGD30,Realizada,710441094
FBA RENTA FIJA PLUS,FBA RENTA FIJA PLUS,12/07/2021,Rescate,"40483,555","1,912",,77388,$,Realizada,205314865
FBA RENTA FIJA PLUS,FBA RENTA FIJA PLUS,12/07/2021,Rescate,"26156,223","1,912",,50000,$,Realizada,205324511
FBA RENTA PESOS,FBA RENTA PESOS,12/07/2021,Rescate,"5766,368","18,887",,"108906,83",$,Realizada,205314862
FBA RENTA PESOS,FBA RENTA PESOS,06/07/2021,Rescate,"4565,224","18,794",,"85799,17",$,Realizada,205289416
FBA RENTA FIJA PLUS,FBA RENTA FIJA PLUS,02/07/2021,Suscripción,"95308,19","1,889",,180000,$,Realizada,205270432
FBA RENTA PESOS,FBA RENTA PESOS,30/06/2021,Rescate,"155,063","18,702",,2900,$,Realizada,205250077
FBA RENTA PESOS,FBA RENTA PESOS,28/06/2021,Suscripción,"803,355","18,672",,15000,$,Realizada,205239949
FBA RENTA PESOS,FBA RENTA PESOS,25/06/2021,Suscripción,"7516,296","18,626",,140000,$,Realizada,205228775
FBA RENTA PESOS,FBA RENTA PESOS,23/06/2021,Rescate,"161,326","18,596",,3000,$,Realizada,205219496
FBA RENTA PESOS,FBA RENTA PESOS,18/06/2021,Rescate,"107,989","18,52",,2000,$,Realizada,205199137
FBA RENTA PESOS,FBA RENTA PESOS,16/06/2021,Rescate,"48,674","18,49",,"900,00",$,Realizada,205187645
FBA RENTA PESOS,FBA RENTA PESOS,16/06/2021,Rescate,"270,413","18,49",,5000,$,Realizada,205188132
FBA RENTA PESOS,FBA RENTA PESOS,11/06/2021,Rescate,"162,911","18,415",,3000,$,Realizada,205167367
FBA RENTA PESOS,FBA RENTA PESOS,10/06/2021,Rescate,"135,87","18,40",,2500,$,Realizada,205159494
FBA RENTA PESOS,FBA RENTA PESOS,09/06/2021,Rescate,"7886,894","18,385",,145000,$,Realizada,205153255
FBA RENTA FIJA PLUS,FBA RENTA FIJA PLUS,04/06/2021,Rescate,"215243,436","1,849",,"397953,9",$,Realizada,205123962
FBA RENTA PESOS,FBA RENTA PESOS,02/06/2021,Suscripción,"10941,08","18,28",,200000,$,Realizada,205113718
FBA RENTA FIJA PLUS,FBA RENTA FIJA PLUS,28/05/2021,Rescate,"2734,015","1,829",,5000,$,Realizada,205088203
FBA RENTA FIJA PLUS,FBA RENTA FIJA PLUS,27/05/2021,Rescate,"157318,961","1,824",,"287004,06",$,Realizada,205077738
FBA RENTA FIJA PLUS,FBA RENTA FIJA PLUS,27/05/2021,Rescate,"16444,258","1,824",,30000,$,Realizada,205077740
FBA RENTA FIJA PLUS,FBA RENTA FIJA PLUS,17/05/2021,Rescate,"159704,001","1,797",,"287004,06",$,Realizada,205038279
FBA RENTA PESOS,FBA RENTA PESOS,17/05/2021,Rescate,"557,431","18,043",,"10057,57",$,Realizada,205039159
$,PESO,14/05/2021,Transferencia Entrante,"25,42","0,00",,"0,00",$,Realizada,710377914
$,PESO,14/05/2021,Transferencia Saliente,"0,25","0,00",,"0,00",$,Realizada,710379072
$,PESO,14/05/2021,Transferencia Saliente,"15,62","0,00",,"0,00",$,Realizada,710380228
$,PESO,14/05/2021,Transferencia Monetaria,"0,00","0,00",,"9,55",$,Realizada,710381961
$,PESO,14/05/2021,Transferencia entre Cuentas,"9,55","0,00",,"0,00",$,Realizada,710381961
MIRG,MIRGOR S. A. C. I. F. I. A.,13/05/2021,Dividendo en Efectivo,"0,00","0,00",,"44,44",$,Realizada,710376624
MIRG,MIRGOR S. A. C. I. F. I. A.,13/05/2021,Cargo Dividendo Efectivo,"0,00","0,00",,"0,44",$,Realizada,710376624
FBA RENTA FIJA PLUS,FBA RENTA FIJA PLUS,10/05/2021,Rescate,"16820,924","1,783",,30000,$,Realizada,205002488
FBA RENTA FIJA PLUS,FBA RENTA FIJA PLUS,10/05/2021,Rescate,"162688,92","1,783",,"290154,55",$,Realizada,205002569
FBA RENTA PESOS,FBA RENTA PESOS,10/05/2021,Rescate,"8434,894","17,939",,"151317,34",$,Realizada,204999595
FBA RENTA PESOS,FBA RENTA PESOS,10/05/2021,Suscripción,"557,431","17,939",,10000,$,Realizada,205003495
FBA RENTA FIJA PLUS,FBA RENTA FIJA PLUS,07/05/2021,Rescate,"16846,967","1,781",,30000,$,Realizada,204991926
FBA RENTA FIJA PLUS,FBA RENTA FIJA PLUS,07/05/2021,Suscripción,"617722,11","1,781",,1100000,$,Realizada,204995745
FBA RENTA PESOS,FBA RENTA PESOS,07/05/2021,Rescate,"1676,4","17,895",,30000,$,Realizada,204992154
FBA RENTA PESOS,FBA RENTA PESOS,04/05/2021,Suscripción,"5601,825","17,851",,100000,$,Realizada,204972230
FBA RENTA PESOS,FBA RENTA PESOS,04/05/2021,Suscripción,"4509,469","17,851",,80500,$,Realizada,204973312
FBA RENTA FIJA PLUS,FBA RENTA FIJA PLUS,26/04/2021,Rescate,"14631,592","1,753",,25650,$,Realizada,204929604
FBA RENTA FIJA PLUS,FBA RENTA FIJA PLUS,16/04/2021,Rescate,"5752,035","1,739",,10000,$,Realizada,204895155
FBA RENTA PESOS,FBA RENTA PESOS,12/04/2021,Rescate,"9179,473","17,534",,"160956,17",$,Realizada,204863372
FBA RENTA PESOS,FBA RENTA PESOS,09/04/2021,Rescate,"571,699","17,492",,10000,$,Realizada,204855135
FBA RENTA PESOS,FBA RENTA PESOS,05/04/2021,Suscripción,"9751,172","17,434",,170000,$,Realizada,204827996
FBA RENTA FIJA PLUS,FBA RENTA FIJA PLUS,30/03/2021,Rescate,"14643,51","1,707",,25000,$,Realizada,204806457
FBA RENTA FIJA PLUS,FBA RENTA FIJA PLUS,29/03/2021,Rescate,"3524,598","1,702",,6000,$,Realizada,204800555
FBA RENTA FIJA PLUS,FBA RENTA FIJA PLUS,22/03/2021,Rescate,"2955,911","1,692",,5000,$,Realizada,204777238
FBA RENTA FIJA PLUS,FBA RENTA FIJA PLUS,18/03/2021,Rescate,"11868,366","1,685",,20000,$,Realizada,204765605
FBA AHORRO PESOS,FBA AHORRO PESOS,15/03/2021,Rescate,"701,794","1,43",,"1003,8",$,Realizada,204743121
FBA RENTA PESOS,FBA RENTA PESOS,15/03/2021,Rescate,"9600,054","17,143",,"164574,68",$,Realizada,204743120
FBA RENTA PESOS,FBA RENTA PESOS,12/03/2021,Rescate,"39,061","17,101",,"668,00",$,Realizada,204736097
FBA RENTA PESOS,FBA RENTA PESOS,10/03/2021,Rescate,"644,296","17,073",,11000,$,Realizada,204722508
FBA RENTA PESOS,FBA RENTA PESOS,10/03/2021,Rescate,"117,145","17,073",,2000,$,Realizada,204724817
FBA RENTA PESOS,FBA RENTA PESOS,10/03/2021,Rescate,"164,003","17,073",,2800,$,Realizada,204726347
FBA RENTA PESOS,FBA RENTA PESOS,09/03/2021,Rescate,"293,106","17,059",,5000,$,Realizada,204715556
FBA RENTA PESOS,FBA RENTA PESOS,09/03/2021,Rescate,"2046,466","17,059",,34910,$,Realizada,204715569
FBA RENTA PESOS,FBA RENTA PESOS,05/03/2021,Rescate,"4837,353","17,002",,"82243,8",$,Realizada,204701358
FBA RENTA PESOS,FBA RENTA PESOS,05/03/2021,Rescate,"379,039","17,002",,"6444,36",$,Realizada,204701840
FBA RENTA PESOS,FBA RENTA PESOS,02/03/2021,Suscripción,"8844,774","16,959",,150000,$,Realizada,204683798
FBA RENTA FIJA PLUS,FBA RENTA FIJA PLUS,17/02/2021,Suscripción,"183455,382","1,635",,300000,$,Realizada,204627104
FBA RENTA PESOS,FBA RENTA PESOS,17/02/2021,Rescate,"17882,017","16,777",,300000,$,Realizada,204627089
FBA RENTA PESOS,FBA RENTA PESOS,11/02/2021,Rescate,"22193,648","16,694",,"370506,16",$,Realizada,204610681
FBA RENTA PESOS,FBA RENTA PESOS,11/02/2021,Suscripción,"22193,639","16,694",,370506,$,Realizada,204612950
BMA,BANCO MACRO S. A.,05/02/2021,Venta,"20,00","220,75",,4415,$,Realizada,204585022
FBA RENTA PESOS,FBA RENTA PESOS,03/02/2021,Suscripción,"4220,902","16,584",,70000,$,Realizada,204567141
FBA RENTA PESOS,FBA RENTA PESOS,03/02/2021,Suscripción,"3979,708","16,584",,66000,$,Realizada,204568312
FBA RENTA PESOS,FBA RENTA PESOS,02/02/2021,Suscripción,"4043,367","16,57",,67000,$,Realizada,204564414
VALO,GRUPO FINANCIERO VALORES SOCIEDAD ANÓNIMA,02/02/2021,Venta,"200,00","27,30",,5460,$,Realizada,204565555
FBA ACCIONES ARGENTINA,FBA ACCIONES ARGENTINA,01/02/2021,Rescate,"790,702","12,489",,"9875,47",$,Realizada,204556674
FBA RENTA PESOS,FBA RENTA PESOS,01/02/2021,Suscripción,"10872,132","16,556",,180000,$,Realizada,204556708
FBA  CALIFICADO,FBA  CALIFICADO,01/02/2021,Rescate,"163,701","60,367",,"9882,21",$,Realizada,204556682
BBAR,BBVA BANCO FRANCÉS S. A.,01/02/2021,Venta,"30,00","143,00",,4290,$,Realizada,204559022
LONG,ACCION LONGVIE SA C I  ORD CLASE B 1 VOTO,20/01/2021,Compra,"420,00","7,20",,3024,$,Realizada,204512581
MIRG,MIRGOR S. A. C. I. F. I. A.,20/01/2021,Compra,"2,00",1600,,3200,$,Realizada,204510379
FBA RENTA PESOS,FBA RENTA PESOS,29/12/2020,Rescate,"620,748","16,11",,10000,$,Realizada,204413080
TECO2,TELECOM ARGENTINA S. A.,22/12/2020,Compra,"15,00","205,00",,3075,$,Realizada,204392982
CVH,CABLEVISIÓN HOLDING S. A.,17/12/2020,Venta,"10,00","463,00",,4630,$,Realizada,204369831
GGAL,GRUPO FINANCIERO GALICIA S. A.,14/12/2020,Compra,"25,00","128,60",,3215,$,Realizada,204355979
TECO2,TELECOM ARGENTINA S. A.,14/12/2020,Compra,"15,00","234,50",,"3517,5",$,Realizada,204355984
TECO2,TELECOM ARGENTINA S. A.,04/12/2020,Venta,"15,00","265,00",,3975,$,Realizada,204322934
YPFD,Y. P. F. Sociedad Anónima,25/11/2020,Venta,"10,00","800,05",,"8000,5",$,Realizada,204278009
FBA RENTA PESOS,FBA RENTA PESOS,24/11/2020,Rescate,"1592,372","15,701",,"25001,16",$,Realizada,204271345
$,PESO,19/11/2020,Transferencia Entrante,"1,26","0,00",,"0,00",$,Realizada,710233881
$,PESO,19/11/2020,Transferencia Entrante,"42,77","0,00",,"0,00",$,Realizada,710233882
$,PESO,19/11/2020,Transferencia Monetaria,"0,00","0,00",,"44,03",$,Realizada,710235311
$,PESO,19/11/2020,Transferencia entre Cuentas,"44,03","0,00",,"0,00",$,Realizada,710235311
GD30,BONO GD30 LEY EXTRANJERA USC STEP UP VTO 09-07-30,18/11/2020,Depósito,"1,00","0,00",,"0,00",BONO GD30,Realizada,710230231
GD35,BONO GD35 LEY EXTRANJERA USC STEP UP VTO 09-07-35,18/11/2020,Depósito,"1,00","0,00",,"0,00",BONO GD35,Realizada,710231099
FBA RENTA PESOS,FBA RENTA PESOS,05/11/2020,Rescate,"645,227","15,498",,10000,$,Realizada,204200421
FBA RENTA PESOS,FBA RENTA PESOS,04/11/2020,Rescate,"205,869","15,488",,"3188,5",$,Realizada,204195063
FBA RENTA PESOS,FBA RENTA PESOS,04/11/2020,Rescate,"199,961","15,488",,3097,$,Realizada,204195445
TECO2,TELECOM ARGENTINA S. A.,04/11/2020,Compra,"15,00","206,85",,"3102,75",$,Realizada,204197480
CVH,CABLEVISIÓN HOLDING S. A.,19/10/2020,Compra,"10,00","405,00",,4050,$,Realizada,204129335
FBA ACCIONES ARGENTINA,FBA ACCIONES ARGENTINA,16/10/2020,Suscripción,"790,702","12,647",,10000,$,Realizada,204120541
FBA  CALIFICADO,FBA  CALIFICADO,16/10/2020,Suscripción,"163,701","61,087",,10000,$,Realizada,204120554
ALUA AR,ALUAR ALUMINIO ARGENTINO S. A. I. C.,14/10/2020,Compra,"100,00","51,70",,5170,$,Realizada,204110751
TGSU2,TRANSPORTADORA DE GAS DEL SUR S. A.,13/10/2020,Venta,"30,00","141,25",,"4237,5",$,Realizada,204106373
TECO2,TELECOM ARGENTINA S. A.,13/10/2020,Venta,"100,00","230,00",,23000,$,Realizada,204106911
BBAR,BBVA BANCO FRANCÉS S. A.,06/10/2020,Compra,"30,00","131,00",,3930,$,Realizada,204075134
TGSU2,TRANSPORTADORA DE GAS DEL SUR S. A.,06/10/2020,Compra,"30,00","131,00",,3930,$,Realizada,204073172
YPFD,Y. P. F. Sociedad Anónima,06/10/2020,Compra,"10,00","590,00",,5900,$,Realizada,204073334
PAMP,PAMPA ENERGÍA S. A.,05/10/2020,Venta,"60,00","65,00",,3900,$,Realizada,204068920
FBA RENTA PESOS,FBA RENTA PESOS,02/10/2020,Suscripción,"658,98","15,175",,10000,$,Realizada,204062385
VALO,GRUPO FINANCIERO VALORES SOCIEDAD ANÓNIMA,30/09/2020,Compra,"200,00","22,00",,4400,$,Realizada,204047245
ALUA AR,ALUAR ALUMINIO ARGENTINO S. A. I. C.,30/09/2020,Venta,"100,00","50,40",,5040,$,Realizada,204047013
PAMP,PAMPA ENERGÍA S. A.,30/09/2020,Compra,"60,00","60,15",,3609,$,Realizada,204047342
BMA,BANCO MACRO S. A.,25/09/2020,Compra,"20,00","211,00",,4220,$,Realizada,204030932
ALUA AR,ALUAR ALUMINIO ARGENTINO S. A. I. C.,23/09/2020,Compra,"100,00","45,30",,4530,$,Realizada,204022479
FBA RENTA PESOS,FBA RENTA PESOS,11/09/2020,Suscripción,"1331,699","15,018",,20000,$,Realizada,203979075
TECO2,TELECOM ARGENTINA S. A.,11/09/2020,Compra,"100,00","185,50",,18550,$,Realizada,203979932
FBA RENTA PESOS,FBA RENTA PESOS,21/08/2020,Suscripción,"4708,548","14,867",,70000,$,Realizada,203888614
FBA RENTA PESOS,FBA RENTA PESOS,07/08/2020,Rescate,"8044,469","14,758",,"118720,59",$,Realizada,203830625
FBA RENTA PESOS,FBA RENTA PESOS,29/06/2020,Suscripción,"4986,263","14,449",,72047,$,Realizada,203662015
FBA RENTA PESOS,FBA RENTA PESOS,29/06/2020,Suscripción,"1730,212","14,449",,25000,$,Realizada,203662747
FBA RENTA PESOS,FBA RENTA PESOS,05/06/2020,Rescate,"725,657","14,26",,"10347,73",$,Realizada,203574964
FBA RENTA PESOS,FBA RENTA PESOS,04/06/2020,Rescate,"506,651","14,252",,"7220,99",$,Realizada,203568425
FBA HORIZONTE PLUS,FBA HORIZONTE PLUS,02/06/2020,Rescate,"3972,553","4,693",,"18643,8",$,Realizada,203558688
FBA ACCIONES ARGENTINA,FBA ACCIONES ARGENTINA,02/06/2020,Rescate,"447,176","11,644",,"5206,91",$,Realizada,203558684
TRAN,TRANSENER CIA. TRANSP. ENER. ELECT. ALTA TEN.,02/06/2020,Venta,"137,00","27,417",,"3756,1",$,Realizada,203559006
TGSU2,TRANSPORTADORA DE GAS DEL SUR S. A.,02/06/2020,Venta,"30,00","131,80",,3954,$,Realizada,203559005
FBA RENTA PESOS,FBA RENTA PESOS,22/05/2020,Rescate,"1412,328","14,161",,20000,$,Realizada,203525305
FBA HORIZONTE PLUS,FBA HORIZONTE PLUS,25/03/2020,Suscripción,"3972,553","3,776",,15000,$,Realizada,203298973
FBA RENTA PESOS,FBA RENTA PESOS,20/03/2020,Rescate,"1379,589","13,772",,19000,$,Realizada,203293157
FBA RENTA PESOS,FBA RENTA PESOS,17/03/2020,Rescate,"1455,212","13,744",,20000,$,Realizada,203278517
FBA RENTA PESOS,FBA RENTA PESOS,17/03/2020,Suscripción,"1455,212","13,744",,20000,$,Realizada,203278529
FBA RENTA PESOS,FBA RENTA PESOS,10/03/2020,Rescate,"731,188","13,676",,10000,$,Realizada,203248884
FBA RENTA PESOS,FBA RENTA PESOS,09/03/2020,Rescate,"3297,407","13,666",,"45062,95",$,Realizada,203236750
FBA RENTA PESOS,FBA RENTA PESOS,06/03/2020,Suscripción,"0,00","0,00",,36000,$,Rechazada,0
FBA RENTA PESOS,FBA RENTA PESOS,06/03/2020,Suscripción,"2640,046","13,636",,36000,$,Realizada,203229464
FBA RENTA PESOS,FBA RENTA PESOS,04/03/2020,Suscripción,"2937,672","13,616",,40000,$,Realizada,203218592
FBA HORIZONTE PLUS,FBA HORIZONTE PLUS,03/03/2020,Rescate,"7521,263","3,514",,"26428,08",$,Realizada,203214986
FBA RENTA PESOS,FBA RENTA PESOS,03/03/2020,Suscripción,"4409,712","13,606",,60000,$,Realizada,203215057
FBA BONOS GLOBALES,FBA BONOS GLOBALES,03/03/2020,Rescate,"691,39","26,739",,"18486,85",$,Realizada,203215023
FBA ACCIONES LATINOAMERICANAS,FBA ACCIONES LATINOAMERICANAS,03/03/2020,Rescate,"682,351","47,973",,"32734,26",$,Realizada,203215038
FBA RENTA PESOS,FBA RENTA PESOS,07/02/2020,Rescate,"3199,032","13,344",,"42688,65",$,Realizada,203117745
FBA RENTA PESOS,FBA RENTA PESOS,29/01/2020,Rescate,"754,542","13,253",,10000,$,Realizada,203074857
FBA RENTA PESOS,FBA RENTA PESOS,27/01/2020,Rescate,"75,57","13,233",,1000,$,Realizada,203065946
FBA RENTA PESOS,FBA RENTA PESOS,24/01/2020,Rescate,"568,09","13,202",,7500,$,Realizada,203061168
TGSU2,TRANSPORTADORA DE GAS DEL SUR S. A.,23/01/2020,Compra,"30,00","105,165",,"3154,95",$,Realizada,203059723
FBA RENTA PESOS,FBA RENTA PESOS,21/01/2020,Suscripción,"3416,347","13,172",,45000,$,Realizada,203051228
FBA RENTA PESOS,FBA RENTA PESOS,09/12/2019,Rescate,"8965,419","12,648",,"113390,85",$,Realizada,202879184
FBA RENTA PESOS,FBA RENTA PESOS,04/12/2019,Suscripción,"8981,491","12,581",,113000,$,Realizada,202863300
$,PESO,28/11/2019,Transferencia Entrante,"30,75","0,00",,"0,00",$,Realizada,709863490
$,PESO,28/11/2019,Transferencia Entrante,"747,18","0,00",,"0,00",$,Realizada,709871393
$,PESO,28/11/2019,Transferencia Monetaria,"0,00","0,00",,"777,93",$,Realizada,709874642
$,PESO,28/11/2019,Transferencia entre Cuentas,"777,93","0,00",,"0,00",$,Realizada,709874642
FBA BONOS ARGENITNA,FBA BONOS ARGENTINA,28/11/2019,Extracción,1045,"0,00",,"0,00",FBA BonLA,Realizada,709865237
FBA AHORRO PESOS,FBA AHORRO PESOS,28/11/2019,Extracción,"43,00","0,00",,"0,00",FBA AhorLA,Realizada,709858373
$,PESO,22/11/2019,Transferencia Entrante,"9,99","0,00",,"0,00",$,Realizada,709838065
$,PESO,22/11/2019,Transferencia Entrante,"63,75","0,00",,"0,00",$,Realizada,709840355
$,PESO,22/11/2019,Transferencia Monetaria,"0,00","0,00",,"73,74",$,Realizada,709850345
$,PESO,22/11/2019,Transferencia entre Cuentas,"73,74","0,00",,"0,00",$,Realizada,709850345
LC15N9$,LECAP NAC ARS VTO 15-11-2019,22/11/2019,Extracción,"75,00","0,00",,"0,00",LC15N9$,Realizada,709835775
$,PESO,15/11/2019,Transferencia Entrante,"1,76","0,00",,"0,00",$,Realizada,709814893
$,PESO,15/11/2019,Transferencia Entrante,"11,25","0,00",,"0,00",$,Realizada,709817202
$,PESO,15/11/2019,Transferencia Monetaria,"0,00","0,00",,"13,01",$,Realizada,709819577
$,PESO,15/11/2019,Transferencia entre Cuentas,"13,01","0,00",,"0,00",$,Realizada,709819577
$,PESO,25/10/2019,Transferencia Entrante,"174,48","0,00",,"0,00",$,Realizada,709754307
$,PESO,25/10/2019,Transferencia Entrante,"7,18","0,00",,"0,00",$,Realizada,709758384
$,PESO,25/10/2019,Transferencia Monetaria,"0,00","0,00",,"181,66",$,Realizada,709763379
$,PESO,25/10/2019,Transferencia entre Cuentas,"181,66","0,00",,"0,00",$,Realizada,709763379
FBA 30G9 1,FBA BONOS ARGENTINA - LECAP Vto. 30 08 2019 SBenef.,22/10/2019,Rescate,"5702,654","0,757",,"4316,53",$,Realizada,202715186
FBA 15N9 1,FBA AHORRO PESOS - LECAP Vto. 15 11 2019 SBenef.,22/10/2019,Rescate,"124,221","0,777",,"96,54",$,Realizada,202715198
FBA 11O9 2,FBA BONOS ARGENTINA - LECAP Vto. 11 10 2019 SBenef.,22/10/2019,Rescate,"1816,71","0,798",,"1449,91",$,Realizada,202715210
FBA 11O9 1,FBA AHORRO PESOS - LECAP Vto. 11 10 2019 SBenef.,22/10/2019,Rescate,"100,565","0,811",,"81,57",$,Realizada,202715240
FBA 13S9 2,FBA BONOS ARGENTINA - LECAP Vto. 13 09 2019 SBenef.,22/10/2019,Rescate,"689,168","0,943",,"649,58",$,Realizada,202715202
FBA AHORRO PESOS,FBA AHORRO PESOS,22/10/2019,Rescate,"75,00","1,00",,"75,00",$,Realizada,202715175
FBA 13S9 1,FBA AHORRO PESOS - LECAP Vto. 13 09 2019 SBenef.,22/10/2019,Rescate,"0,193","1,009",,"0,19",$,Realizada,202715218
FBA BONOS ARGENTINA,FBA BONOS ARGENTINA,22/10/2019,Rescate,"17800,954","1,027",,"18276,33",$,Realizada,202715408
LOMA,LOMA NEGRA COMPAÑIA INDUSTRIAL ARGENTINA S. A.,22/10/2019,Venta,"38,00","90,00",,3420,$,Realizada,202716647
YPFD,Y. P. F. Sociedad Anónima,22/10/2019,Venta,"5,00","697,95",,"3489,75",$,Realizada,202716422
FBA RENTA PESOS,FBA RENTA PESOS,18/10/2019,Rescate,"6698,756","11,953",,"80070,09",$,Realizada,202704351
FBA RENTA PESOS,FBA RENTA PESOS,18/10/2019,Suscripción,"1164,814","11,953",,13923,$,Realizada,202707379
FBA ACCIONES LATINOAMERICANAS,FBA ACCIONES LATINOAMERICANAS,18/10/2019,Rescate,"416,113","45,661",,19000,$,Realizada,202704475
FBA RENTA PESOS,FBA RENTA PESOS,16/10/2019,Rescate,"2188,782","11,924",,26100,$,Realizada,202693193
LOMA,LOMA NEGRA COMPAÑIA INDUSTRIAL ARGENTINA S. A.,04/10/2019,Compra,"38,00","78,50",,2983,$,Realizada,202655131
FBA RENTA PESOS,FBA RENTA PESOS,02/10/2019,Suscripción,"3414,807","11,714",,40000,$,Realizada,202647929
$,PESO,20/09/2019,Transferencia Monetaria,"0,00","0,00",,"1444,77",$,Realizada,709690928
$,PESO,20/09/2019,Transferencia entre Cuentas,"1444,77","0,00",,"0,00",$,Realizada,709690928
$,PESO,19/09/2019,Transferencia Entrante,"1063,05","0,00",,"0,00",$,Realizada,709681946
$,PESO,19/09/2019,Transferencia Entrante,"381,72","0,00",,"0,00",$,Realizada,709685955
FBA BONOS ARGENTINA,FBA BONOS ARGENTINA,19/09/2019,Extracción,"958,00","0,00",,"0,00",FBA BonLB,Realizada,709674192
FBA AHORRO PESOS,FBA AHORRO PESOS,19/09/2019,Extracción,"344,00","0,00",,"0,00",FBA AhorLB,Realizada,709678201
TRAN,TRANSENER CIA. TRANSP. ENER. ELECT. ALTA TEN.,12/09/2019,Compra,"137,00","21,75",,"2979,75",$,Realizada,202578775
YPFD,Y. P. F. Sociedad Anónima,12/09/2019,Compra,"5,00","591,95",,"2959,75",$,Realizada,202579117
$,PESO,09/09/2019,Transferencia Monetaria,"0,00","0,00",,2644,$,Realizada,709641973
$,PESO,09/09/2019,Transferencia entre Cuentas,2644,"0,00",,"0,00",$,Realizada,709641973
$,PESO,06/09/2019,Depósito,2644,"0,00",,"0,00",$,Realizada,709634953
FBA AHORRO PESOS,FBA AHORRO PESOS,06/09/2019,Depósito,"701,794","0,00",,"0,00",FBA AhorPA,Realizada,709574187
FBA AHORRO PESOS,FBA AHORRO PESOS,06/09/2019,Extracción,"93,249","0,00",,"0,00",FBA AhorPA,Realizada,709547798
FBA BONOS ARGENTINA,FBA BONOS ARGENTINA,06/09/2019,Depósito,"17800,954","0,00",,"0,00",FBA BonAA,Realizada,709621359
FBA BONOS ARGENTINA,FBA BONOS ARGENTINA,06/09/2019,Extracción,"3795,007","0,00",,"0,00",FBA BonAA,Realizada,709596172
FBA BONOS ARGENITNA,FBA BONOS ARGENTINA,06/09/2019,Depósito,1045,"0,00",,"0,00",FBA BonLA,Realizada,709621354
FBA BONOS ARGENTINA,FBA BONOS ARGENTINA,06/09/2019,Depósito,"958,00","0,00",,"0,00",FBA BonLB,Realizada,709621355
FBA AHORRO PESOS,FBA AHORRO PESOS,06/09/2019,Depósito,"344,00","0,00",,"0,00",FBA AhorLB,Realizada,709574181
FBA AHORRO PESOS,FBA AHORRO PESOS,06/09/2019,Depósito,"75,00","0,00",,"0,00",FBA AhorMA,Realizada,709574182
FBA AHORRO PESOS,FBA AHORRO PESOS,06/09/2019,Depósito,"43,00","0,00",,"0,00",FBA AhorLA,Realizada,709574183
FBA BONOS ARGENITNA,FBA BONOS ARGENTINA,06/09/2019,Extracción,1045,"0,00",,"0,00",FBA BonLA,Realizada,709596170
FBA BONOS ARGENTINA,FBA BONOS ARGENTINA,06/09/2019,Extracción,"958,00","0,00",,"0,00",FBA BonLB,Realizada,709596171
FBA AHORRO PESOS,FBA AHORRO PESOS,06/09/2019,Extracción,"344,00","0,00",,"0,00",FBA AhorLB,Realizada,709547795
FBA AHORRO PESOS,FBA AHORRO PESOS,06/09/2019,Extracción,"75,00","0,00",,"0,00",FBA AhorMA,Realizada,709547796
FBA AHORRO PESOS,FBA AHORRO PESOS,06/09/2019,Extracción,"43,00","0,00",,"0,00",FBA AhorLA,Realizada,709547797
FBA 13S9 1,FBA AHORRO PESOS - LECAP Vto. 13 09 2019 SBenef.,06/09/2019,Depósito,"0,193","0,00",,"0,00",FBA 13S9 1,Realizada,709574184
FBA 15N9 1,FBA AHORRO PESOS - LECAP Vto. 15 11 2019 SBenef.,06/09/2019,Depósito,"124,221","0,00",,"0,00",FBA 15N9 1,Realizada,709574185
FBA 11O9 1,FBA AHORRO PESOS - LECAP Vto. 11 10 2019 SBenef.,06/09/2019,Depósito,"100,565","0,00",,"0,00",FBA 11O9 1,Realizada,709574186
FBA 30G9 1,FBA BONOS ARGENTINA - LECAP Vto. 30 08 2019 SBenef.,06/09/2019,Depósito,"5702,654","0,00",,"0,00",FBA 30G9 1,Realizada,709621356
FBA 11O9 2,FBA BONOS ARGENTINA - LECAP Vto. 11 10 2019 SBenef.,06/09/2019,Depósito,"1816,71","0,00",,"0,00",FBA 11O9 2,Realizada,709621357
FBA 13S9 2,FBA BONOS ARGENTINA - LECAP Vto. 13 09 2019 SBenef.,06/09/2019,Depósito,"689,168","0,00",,"0,00",FBA 13S9 2,Realizada,709621358
FBA AHORRO PESOS,FBA AHORRO PESOS,02/09/2019,Depósito,"19,094","0,00",,"0,00",FBA AhorPA,Realizada,709485272
FBA BONOS ARGENTINA,FBA BONOS ARGENTINA,02/09/2019,Depósito,"69,993","0,00",,"0,00",FBA BonAA,Realizada,709478942
FBA BONOS ARGENTINA,FBA BONOS ARGENTINA,02/09/2019,Depósito,"1294,679","0,00",,"0,00",FBA BonAA,Realizada,709488888
FBA BONOS ARGENTINA,FBA BONOS ARGENTINA,02/09/2019,Depósito,"958,00","0,00",,"0,00",FBA BonLB,Realizada,709452620
FBA BONOS ARGENITNA,FBA BONOS ARGENTINA,02/09/2019,Depósito,1045,"0,00",,"0,00",FBA BonLA,Realizada,709452886
FBA AHORRO PESOS,FBA AHORRO PESOS,02/09/2019,Depósito,"43,00","0,00",,"0,00",FBA AhorLA,Realizada,709448122
FBA AHORRO PESOS,FBA AHORRO PESOS,02/09/2019,Depósito,"75,00","0,00",,"0,00",FBA AhorMA,Realizada,709448565
FBA AHORRO PESOS,FBA AHORRO PESOS,02/09/2019,Depósito,"344,00","0,00",,"0,00",FBA AhorLB,Realizada,709450370
FBA RENTA PESOS,FBA RENTA PESOS,28/08/2019,Rescate,"537,536","11,162",,6000,$,Realizada,202513953
FBA RENTA PESOS,FBA RENTA PESOS,13/08/2019,Rescate,"3749,878","10,939",,"41021,53",$,Realizada,202446449
FBA RENTA PESOS,FBA RENTA PESOS,09/08/2019,Rescate,"5175,754","10,881",,"56316,3",$,Realizada,202416309
FBA HORIZONTE PLUS,FBA HORIZONTE PLUS,05/08/2019,Suscripción,"7521,263","2,659",,20000,$,Realizada,202388375
FBA RENTA PESOS,FBA RENTA PESOS,05/08/2019,Suscripción,"1847,397","10,826",,20000,$,Realizada,202388348
FBA BONOS ARGENTINA,FBA BONOS ARGENTINA,05/08/2019,Suscripción,"1542,311","12,968",,20000,$,Realizada,202388386
FBA ACCIONES LATINOAMERICANAS,FBA ACCIONES LATINOAMERICANAS,05/08/2019,Suscripción,"668,291","29,927",,20000,$,Realizada,202388396
FBA RENTA PESOS,FBA RENTA PESOS,30/07/2019,Rescate,"372,198","10,747",,4000,$,Realizada,202361747
FBA RENTA PESOS,FBA RENTA PESOS,16/07/2019,Suscripción,"3785,101","10,568",,40000,$,Realizada,202302544
FBA RENTA PESOS,FBA RENTA PESOS,16/07/2019,Suscripción,"2838,825","10,568",,30000,$,Realizada,202302868
FBA RENTA PESOS,FBA RENTA PESOS,10/07/2019,Rescate,"1908,084","10,491",,"20017,61",$,Realizada,202260902
FBA RENTA PESOS,FBA RENTA PESOS,27/06/2019,Rescate,"581,199","10,323",,6000,$,Realizada,202205545
FBA RENTA PESOS,FBA RENTA PESOS,18/06/2019,Suscripción,"5290,703","10,207",,54000,$,Realizada,202169233
FBA RENTA PESOS,FBA RENTA PESOS,13/06/2019,Rescate,"6520,065","10,141",,"66117,48",$,Realizada,202153164
FBA RENTA PESOS,FBA RENTA PESOS,04/06/2019,Suscripción,"7983,435","10,021",,80000,$,Realizada,202107719
FBA RENTA PESOS,FBA RENTA PESOS,17/05/2019,Suscripción,"1021,213","9,792",,10000,$,Realizada,202052034
FBA RENTA PESOS,FBA RENTA PESOS,15/05/2019,Rescate,"5528,692","9,767",,54000,$,Realizada,202037104
FBA RENTA PESOS,FBA RENTA PESOS,03/05/2019,Suscripción,"6237,554","9,619",,60000,$,Realizada,201991871
FBA BONOS ARGENTINA,FBA BONOS ARGENTINA,03/05/2019,Suscripción,"888,024","11,261",,10000,$,Realizada,201992013
FBA BONOS GLOBALES,FBA BONOS GLOBALES,03/05/2019,Suscripción,"691,39","14,464",,10000,$,Realizada,201992023
FBA RENTA PESOS,FBA RENTA PESOS,23/04/2019,Suscripción,"841,909","9,502",,8000,$,Realizada,201957019
FBA RENTA PESOS,FBA RENTA PESOS,10/04/2019,Rescate,"6048,565","9,358",,"56599,96",$,Realizada,201918679
FBA RENTA PESOS,FBA RENTA PESOS,08/04/2019,Rescate,"535,593","9,335",,5000,$,Realizada,201904379
FBA BONOS ARGENTINA,FBA BONOS ARGENTINA,08/04/2019,Rescate,"348,265","10,884",,"3790,66",$,Realizada,201904344
FBA RENTA PESOS,FBA RENTA PESOS,04/04/2019,Suscripción,"1291,399","9,292",,12000,$,Realizada,201893380
FBA RENTA PESOS,FBA RENTA PESOS,03/04/2019,Suscripción,"4309,76","9,281",,40000,$,Realizada,201886861
FBA RENTA PESOS,FBA RENTA PESOS,15/03/2019,Rescate,"202,679","9,083",,"1840,94",$,Realizada,201829785
FBA RENTA PESOS,FBA RENTA PESOS,13/03/2019,Rescate,"4965,277","9,063",,45000,$,Realizada,201818156
FBA RENTA PESOS,FBA RENTA PESOS,13/03/2019,Rescate,"686,555","9,063",,"6222,21",$,Realizada,201818902
FBA RENTA PESOS,FBA RENTA PESOS,13/03/2019,Rescate,"38,314","9,063",,"347,24",$,Realizada,201818966
FBA ACCIONES LATINOAMERICANAS,FBA ACCIONES LATINOAMERICANAS,08/03/2019,Suscripción,"179,229","27,897",,5000,$,Realizada,201803593
FBA RENTA PESOS,FBA RENTA PESOS,07/03/2019,Suscripción,"2443,056","9,005",,22000,$,Realizada,201795431
FBA RENTA PESOS,FBA RENTA PESOS,06/03/2019,Suscripción,"2334,465","8,996",,21000,$,Realizada,201789585
FBA RENTA PESOS,FBA RENTA PESOS,13/02/2019,Rescate,"4849,937","8,808",,"42720,58",$,Realizada,201730798
FBA RENTA PESOS,FBA RENTA PESOS,12/02/2019,Rescate,"511,37","8,80",,4500,$,Realizada,201729038
